Execution Mode,Cost
CPU,0.08519385269768905
GPU,0.01967164124579835
Auto,0.030483396754808427
