Execution Mode,Cost
GPU,0.01191889580297947
Auto,0.00200339217436409
