Execution Mode,Cost
CPU,8.100559079647067e-05
GPU,0.04334990706557178
Auto,0.013705774105831146
