Execution Mode,Cost
CPU,0.18252339652329444
GPU,0.020623687703351972
Auto,0.04778088839363528
